序号,客户代码,客户姓名,城市,性别,职业,出生年份
1,kh0001,赵宇轩,上海市,男,个体户,1993
2,kh0002,赵子豪,南京市,男,个体户,1983
3,kh0003,赵鑫,杭州市,男,公司职员,1990
4,kh0004,赵宇,武汉市,男,教师,1998
5,kh0005,赵强,深圳市,男,教师,1992
6,kh0006,钱俊杰,武汉市,男,公司职员,1998
7,kh0007,钱杰,成都市,男,个体户,1990
8,kh0008,钱超,杭州市,男,教师,1996
9,kh0009,钱军,广州市,男,个体户,1994
10,kh0010,钱雨涵,广州市,女,教师,1990
11,kh0011,孙宇轩,武汉市,男,个体户,1987
12,kh0012,孙子涵,深圳市,男,教师,1986
13,kh0013,孙杰,上海市,男,教师,1980
14,kh0014,孙磊,西安市,男,公司职员,1992
15,kh0015,孙倩,北京市,女,公司职员,1981
16,kh0016,李鑫,深圳市,男,教师,1984
17,kh0017,李磊,北京市,男,自由职业,1988
18,kh0018,李军,上海市,男,自由职业,1985
19,kh0019,李子涵,深圳市,女,教师,2000
20,kh0020,李紫涵,成都市,女,教师,1991
21,kh0021,周超,深圳市,男,教师,1994
22,kh0022,周军,北京市,男,教师,1984
23,kh0023,周诗涵,南京市,女,公司职员,1992
24,kh0024,周梓宣,广州市,女,公司职员,1992
25,kh0025,周雨涵,南京市,女,个体户,1998
26,kh0026,吴子豪,杭州市,男,个体户,1997
27,kh0027,吴子涵,成都市,男,自由职业,1984
28,kh0028,吴杰,广州市,男,自由职业,1997
29,kh0029,吴帅,北京市,男,个体户,1984
30,kh0030,吴强,北京市,男,自由职业,1994
31,kh0031,郑俊杰,南京市,男,自由职业,1983
32,kh0032,郑帅,广州市,男,个体户,1994
33,kh0033,郑婷,北京市,女,个体户,1987
34,kh0034,郑颖,南京市,女,个体户,1984
35,kh0035,郑丹,上海市,女,教师,1987
36,kh0036,王宇航,深圳市,男,个体户,1986
37,kh0037,王皓轩,南京市,男,个体户,1980
38,kh0038,王浩轩,深圳市,男,个体户,1995
39,kh0039,王婷,武汉市,女,个体户,1997
40,kh0040,王静,上海市,女,自由职业,1985
41,kh0041,冯洋,深圳市,男,个体户,1983
42,kh0042,冯浩然,上海市,男,公司职员,1986
43,kh0043,冯宇,上海市,男,公司职员,1991
44,kh0044,冯婷,西安市,女,自由职业,1987
45,kh0045,冯娟,上海市,女,个体户,1988
46,kh0046,陈浩宇,杭州市,男,个体户,1990
47,kh0047,陈勇,成都市,男,自由职业,1989
48,kh0048,陈波,北京市,男,教师,1987
49,kh0049,陈欣怡,北京市,女,个体户,1993
50,kh0050,陈梓涵,杭州市,女,自由职业,1992
51,kh0051,褚鑫,杭州市,男,个体户,1992
52,kh0052,褚磊,杭州市,男,公司职员,1980
53,kh0053,褚波,成都市,男,自由职业,1986
54,kh0054,褚婷婷,上海市,女,公司职员,1985
55,kh0055,褚静,西安市,女,自由职业,1987
56,kh0056,卫宇轩,武汉市,男,公司职员,1980
57,kh0057,卫子豪,深圳市,男,教师,1999
58,kh0058,卫浩轩,广州市,男,教师,1994
59,kh0059,卫帅,成都市,男,个体户,1999
60,kh0060,卫静,成都市,女,公司职员,1994
61,kh0061,蒋阳,北京市,男,教师,1998
62,kh0062,蒋宇轩,深圳市,男,公司职员,1988
63,kh0063,蒋磊,北京市,男,公司职员,1998
64,kh0064,蒋婷婷,上海市,女,个体户,1993
65,kh0065,蒋颖,武汉市,女,个体户,1983
66,kh0066,沈阳,西安市,男,自由职业,1982
67,kh0067,沈鑫,广州市,男,自由职业,1997
68,kh0068,沈诗涵,深圳市,女,公司职员,1983
69,kh0069,沈梓宣,广州市,女,自由职业,1990
70,kh0070,沈子涵,西安市,女,个体户,1987
71,kh0071,韩浩宇,杭州市,男,教师,1991
72,kh0072,韩勇,上海市,男,个体户,1996
73,kh0073,韩军,武汉市,男,教师,1993
74,kh0074,韩波,西安市,男,个体户,1992
75,kh0075,韩娟,北京市,女,教师,1996
76,kh0076,杨浩,西安市,男,教师,1985
77,kh0077,杨军,南京市,男,教师,1982
78,kh0078,杨雪,北京市,女,自由职业,1996
79,kh0079,杨丽,上海市,女,教师,1995
80,kh0080,杨艳,成都市,女,自由职业,1985
81,kh0081,朱洋,上海市,男,公司职员,1991
82,kh0082,朱宇,西安市,男,教师,1986
83,kh0083,朱子涵,北京市,女,教师,1998
84,kh0084,朱紫涵,深圳市,女,教师,1980
85,kh0085,朱雨涵,武汉市,女,教师,1983
86,kh0086,秦宇航,南京市,男,教师,1990
87,kh0087,秦俊杰,上海市,男,自由职业,2000
88,kh0088,秦勇,杭州市,男,自由职业,1982
89,kh0089,秦军,广州市,男,教师,1982
90,kh0090,秦艳,成都市,女,个体户,1993
91,kh0091,尤鑫,上海市,男,自由职业,1984
92,kh0092,尤宇,武汉市,男,个体户,1994
93,kh0093,尤欣怡,武汉市,女,个体户,1986
94,kh0094,尤雪,上海市,女,教师,1997
95,kh0095,尤艳,成都市,女,自由职业,1997
96,kh0096,许浩宇,深圳市,男,个体户,2000
97,kh0097,许皓轩,北京市,男,教师,1984
98,kh0098,许军,西安市,男,个体户,1997
99,kh0099,许梓宣,武汉市,女,个体户,1982
100,kh0100,许颖,杭州市,女,教师,1983
101,kh0101,何强,杭州市,男,教师,1983
102,kh0102,何勇,杭州市,男,教师,1987
103,kh0103,何静,南京市,女,教师,1995
104,kh0104,何悦,西安市,女,个体户,1996
105,kh0105,何娟,西安市,女,个体户,1985
106,kh0106,吕浩,北京市,男,教师,1991
107,kh0107,吕勇,上海市,男,个体户,1991
108,kh0108,吕欣怡,武汉市,女,教师,1992
109,kh0109,吕婷,武汉市,女,公司职员,1995
110,kh0110,吕艳,武汉市,女,自由职业,1989
111,kh0111,施浩宇,南京市,男,个体户,1982
112,kh0112,施超,武汉市,男,公司职员,1990
113,kh0113,施波,北京市,男,自由职业,1994
114,kh0114,施悦,武汉市,女,教师,1984
115,kh0115,施雪,成都市,女,教师,1988
116,kh0116,张子轩,杭州市,男,自由职业,1995
117,kh0117,张子豪,广州市,男,自由职业,1983
118,kh0118,张梓宣,南京市,女,个体户,1999
119,kh0119,张颖,成都市,女,个体户,1994
120,kh0120,张丹,上海市,女,公司职员,1982
121,kh0121,孔浩然,成都市,男,教师,1991
122,kh0122,孔伟,广州市,男,公司职员,1983
123,kh0123,孔波,杭州市,男,公司职员,1991
124,kh0124,孔诗涵,成都市,女,个体户,2000
125,kh0125,孔子涵,杭州市,女,自由职业,1987
126,kh0126,曹洋,武汉市,男,教师,1995
127,kh0127,曹鹏,成都市,男,个体户,2000
128,kh0128,曹伟,杭州市,男,自由职业,1987
129,kh0129,曹倩,广州市,女,自由职业,1995
130,kh0130,曹艳,西安市,女,教师,1993
131,kh0131,严杰,成都市,男,个体户,1999
132,kh0132,严鹏,成都市,男,公司职员,1980
133,kh0133,严波,南京市,男,公司职员,1993
134,kh0134,严梓宣,上海市,女,公司职员,1992
135,kh0135,严婷婷,杭州市,女,自由职业,1991
136,kh0136,华洋,杭州市,男,教师,1996
137,kh0137,华子轩,上海市,男,公司职员,1985
138,kh0138,华帅,成都市,男,自由职业,1994
139,kh0139,华诗涵,上海市,女,教师,1996
140,kh0140,华倩,北京市,女,自由职业,1982
141,kh0141,金宇航,上海市,男,自由职业,1984
142,kh0142,金子豪,深圳市,男,公司职员,1982
143,kh0143,金涛,成都市,男,个体户,1984
144,kh0144,金超,西安市,男,公司职员,1992
145,kh0145,金悦,杭州市,女,自由职业,1984
146,kh0146,魏勇,武汉市,男,自由职业,1985
147,kh0147,魏婷婷,广州市,女,自由职业,1989
148,kh0148,魏静,西安市,女,教师,1999
149,kh0149,魏悦,杭州市,女,个体户,2000
150,kh0150,魏倩,杭州市,女,教师,1997
151,kh0151,陶勇,杭州市,男,教师,1988
152,kh0152,陶梓涵,广州市,女,自由职业,1994
153,kh0153,陶诗涵,南京市,女,自由职业,1991
154,kh0154,陶丹,深圳市,女,自由职业,1998
155,kh0155,陶倩,深圳市,女,教师,1998
156,kh0156,姜波,深圳市,男,自由职业,1998
157,kh0157,姜雨涵,西安市,女,教师,1999
158,kh0158,姜婷,武汉市,女,自由职业,1990
159,kh0159,姜悦,上海市,女,个体户,1989
160,kh0160,姜倩,南京市,女,公司职员,1987
161,kh0161,戚宇轩,广州市,男,公司职员,1987
162,kh0162,戚俊杰,广州市,男,公司职员,1998
163,kh0163,戚杰,武汉市,男,公司职员,1998
164,kh0164,戚勇,武汉市,男,自由职业,1981
165,kh0165,戚雪,武汉市,女,个体户,1996
166,kh0166,谢波,深圳市,男,公司职员,1981
167,kh0167,谢婷,北京市,女,教师,1998
168,kh0168,谢婷婷,西安市,女,个体户,1985
169,kh0169,谢敏,深圳市,女,个体户,1997
170,kh0170,谢颖,南京市,女,公司职员,1989
171,kh0171,邹浩宇,深圳市,男,个体户,1990
172,kh0172,邹浩然,深圳市,男,个体户,1991
173,kh0173,邹俊杰,广州市,男,个体户,1984
174,kh0174,邹军,南京市,男,自由职业,1992
175,kh0175,邹雪,西安市,女,公司职员,1987
176,kh0176,喻阳,南京市,男,教师,1989
177,kh0177,喻宇航,成都市,男,自由职业,1983
178,kh0178,喻浩,杭州市,男,教师,2000
179,kh0179,喻梓涵,广州市,女,个体户,1997
180,kh0180,喻颖,成都市,女,自由职业,1986
181,kh0181,柏鑫,西安市,男,公司职员,1992
182,kh0182,柏伟,上海市,男,自由职业,1993
183,kh0183,柏强,南京市,男,公司职员,1985
184,kh0184,柏子涵,北京市,女,自由职业,1998
185,kh0185,柏雪,成都市,女,自由职业,1981
186,kh0186,水浩,深圳市,男,自由职业,1988
187,kh0187,水雨欣,深圳市,女,公司职员,1987
188,kh0188,水静,北京市,女,自由职业,1992
189,kh0189,水丽,武汉市,女,个体户,1994
190,kh0190,水娟,深圳市,女,公司职员,1984
191,kh0191,窦俊杰,北京市,男,自由职业,1986
192,kh0192,窦磊,武汉市,男,个体户,1983
193,kh0193,窦宇,武汉市,男,个体户,1992
194,kh0194,窦梓涵,成都市,女,个体户,1986
195,kh0195,窦诗涵,杭州市,女,自由职业,1996
196,kh0196,章浩轩,杭州市,男,个体户,1980
197,kh0197,章鹏,武汉市,男,教师,1982
198,kh0198,章超,上海市,男,公司职员,1989
199,kh0199,章雨涵,南京市,女,自由职业,1985
200,kh0200,章静,西安市,女,教师,1995
201,kh0201,云鑫,杭州市,男,个体户,1991
202,kh0202,云超,西安市,男,个体户,1998
203,kh0203,云强,深圳市,男,自由职业,1994
204,kh0204,云紫涵,西安市,女,个体户,1986
205,kh0205,云婷婷,成都市,女,教师,1992
206,kh0206,苏杰,南京市,男,自由职业,1987
207,kh0207,苏梓涵,西安市,女,个体户,1985
208,kh0208,苏子涵,上海市,女,自由职业,1999
209,kh0209,苏悦,成都市,女,自由职业,1995
210,kh0210,苏娟,杭州市,女,公司职员,1991
211,kh0211,潘子轩,深圳市,男,个体户,1981
212,kh0212,潘皓轩,杭州市,男,公司职员,1999
213,kh0213,潘悦,杭州市,女,公司职员,1994
214,kh0214,潘颖,西安市,女,教师,1984
215,kh0215,潘丽,西安市,女,教师,1983
216,kh0216,葛皓轩,北京市,男,自由职业,1992
217,kh0217,葛子豪,上海市,男,个体户,1991
218,kh0218,葛浩轩,南京市,男,公司职员,1990
219,kh0219,葛强,武汉市,男,公司职员,1996
220,kh0220,葛婷,上海市,女,教师,1993
221,kh0221,奚子豪,广州市,男,教师,1991
222,kh0222,奚帅,西安市,男,教师,1981
223,kh0223,奚婷,上海市,女,教师,1985
224,kh0224,奚悦,杭州市,女,公司职员,1985
225,kh0225,奚丽,深圳市,女,公司职员,1987
226,kh0226,范俊杰,武汉市,男,教师,1981
227,kh0227,范宇,广州市,男,自由职业,1994
228,kh0228,范欣怡,上海市,女,个体户,1993
229,kh0229,范梓涵,广州市,女,公司职员,1995
230,kh0230,范佳怡,成都市,女,个体户,1996
231,kh0231,彭宇,成都市,男,教师,1995
232,kh0232,彭梓宣,北京市,女,教师,1995
233,kh0233,彭雨欣,成都市,女,公司职员,1996
234,kh0234,彭悦,武汉市,女,教师,1981
235,kh0235,彭丹,上海市,女,自由职业,1998
236,kh0236,郎浩轩,北京市,男,公司职员,1989
237,kh0237,郎涛,武汉市,男,自由职业,1980
238,kh0238,郎波,北京市,男,自由职业,2000
239,kh0239,郎紫涵,广州市,女,个体户,1980
240,kh0240,郎艳,广州市,女,公司职员,1981
241,kh0241,鲁子轩,深圳市,男,个体户,1986
242,kh0242,鲁梓宣,深圳市,女,教师,1996
243,kh0243,鲁雪,北京市,女,公司职员,1994
244,kh0244,鲁丽,西安市,女,公司职员,1982
245,kh0245,鲁艳,成都市,女,自由职业,1988
246,kh0246,韦浩轩,广州市,男,教师,1989
247,kh0247,韦涛,广州市,男,教师,1997
248,kh0248,韦欣怡,南京市,女,个体户,1980
249,kh0249,韦梓涵,成都市,女,公司职员,2000
250,kh0250,韦子涵,深圳市,女,个体户,1989
251,kh0251,昌俊杰,成都市,男,教师,1996
252,kh0252,昌鑫,西安市,男,公司职员,1992
253,kh0253,昌宇,上海市,男,自由职业,1990
254,kh0254,昌波,杭州市,男,教师,1992
255,kh0255,昌敏,杭州市,女,教师,1983
256,kh0256,马子豪,南京市,男,教师,1997
257,kh0257,马勇,成都市,男,个体户,1986
258,kh0258,马雨涵,上海市,女,教师,1998
259,kh0259,马雨欣,南京市,女,教师,1985
260,kh0260,马敏,西安市,女,个体户,1983
261,kh0261,苗宇航,上海市,男,教师,1987
262,kh0262,苗浩,深圳市,男,个体户,1984
263,kh0263,苗超,广州市,男,自由职业,1984
264,kh0264,苗强,西安市,男,自由职业,1983
265,kh0265,苗佳怡,西安市,女,个体户,1990
266,kh0266,凤浩然,深圳市,男,公司职员,1983
267,kh0267,凤子豪,南京市,男,教师,1991
268,kh0268,凤浩,北京市,男,个体户,1995
269,kh0269,凤梓宣,上海市,女,自由职业,1988
270,kh0270,凤倩,深圳市,女,教师,1998
271,kh0271,花鑫,武汉市,男,公司职员,1985
272,kh0272,花超,西安市,男,教师,1992
273,kh0273,花欣怡,武汉市,女,自由职业,1998
274,kh0274,花静,成都市,女,教师,1984
275,kh0275,花艳,杭州市,女,教师,1980
276,kh0276,方洋,南京市,男,自由职业,1981
277,kh0277,方宇航,武汉市,男,自由职业,1986
278,kh0278,方皓轩,南京市,男,教师,2000
279,kh0279,方敏,南京市,女,公司职员,1994
280,kh0280,方娟,武汉市,女,教师,2000
281,kh0281,俞宇航,北京市,男,公司职员,1994
282,kh0282,俞波,杭州市,男,教师,1999
283,kh0283,俞紫涵,武汉市,女,教师,1984
284,kh0284,俞静,南京市,女,公司职员,1985
285,kh0285,俞雪,成都市,女,公司职员,1999
286,kh0286,任宇航,深圳市,男,教师,1986
287,kh0287,任皓轩,深圳市,男,教师,1990
288,kh0288,任雨欣,杭州市,女,公司职员,1992
289,kh0289,任丽,杭州市,女,教师,1997
290,kh0290,任倩,西安市,女,个体户,1985
291,kh0291,袁浩然,南京市,男,个体户,1983
292,kh0292,袁宇航,上海市,男,教师,1982
293,kh0293,袁涛,南京市,男,公司职员,1998
294,kh0294,袁波,武汉市,男,个体户,1981
295,kh0295,袁雨欣,武汉市,女,个体户,1992
296,kh0296,柳宇航,成都市,男,自由职业,1987
297,kh0297,柳俊杰,南京市,男,公司职员,1988
298,kh0298,柳诗涵,武汉市,女,个体户,1992
299,kh0299,柳梓宣,成都市,女,自由职业,1993
300,kh0300,柳艳,西安市,女,教师,1983
301,kh0301,酆阳,上海市,男,个体户,1995
302,kh0302,酆浩轩,西安市,男,教师,1996
303,kh0303,酆子涵,成都市,男,自由职业,1999
304,kh0304,酆超,广州市,男,教师,1986
305,kh0305,酆敏,南京市,女,公司职员,1999
306,kh0306,鲍洋,上海市,男,教师,1999
307,kh0307,鲍浩宇,北京市,男,个体户,1996
308,kh0308,鲍磊,武汉市,男,公司职员,1986
309,kh0309,鲍鹏,深圳市,男,个体户,1986
310,kh0310,鲍超,杭州市,男,自由职业,1981
311,kh0311,史洋,成都市,男,公司职员,1995
312,kh0312,史宇,广州市,男,自由职业,1987
313,kh0313,史佳怡,杭州市,女,教师,1984
314,kh0314,史雪,北京市,女,公司职员,1982
315,kh0315,史娟,深圳市,女,公司职员,1984
316,kh0316,唐洋,武汉市,男,个体户,1994
317,kh0317,唐宇,武汉市,男,个体户,1981
318,kh0318,唐超,武汉市,男,个体户,1992
319,kh0319,唐诗涵,深圳市,女,教师,1986
320,kh0320,唐静,深圳市,女,个体户,1997
321,kh0321,费子轩,杭州市,男,自由职业,1991
322,kh0322,费超,成都市,男,自由职业,1996
323,kh0323,费梓涵,北京市,女,教师,1980
324,kh0324,费子涵,南京市,女,教师,1987
325,kh0325,费丽,广州市,女,自由职业,1988
326,kh0326,廉宇轩,西安市,男,教师,1982
327,kh0327,廉子豪,南京市,男,个体户,1999
328,kh0328,廉梓涵,成都市,女,个体户,1984
329,kh0329,廉诗涵,成都市,女,自由职业,1984
330,kh0330,廉颖,杭州市,女,教师,1985
331,kh0331,岑浩宇,成都市,男,教师,1992
332,kh0332,岑浩然,广州市,男,个体户,1993
333,kh0333,岑子涵,广州市,男,教师,1998
334,kh0334,岑悦,深圳市,女,自由职业,1981
335,kh0335,岑颖,西安市,女,个体户,1996
336,kh0336,薛宇轩,南京市,男,个体户,1981
337,kh0337,薛涛,深圳市,男,公司职员,1992
338,kh0338,薛丽,广州市,女,个体户,1995
339,kh0339,薛倩,上海市,女,个体户,1990
340,kh0340,薛艳,南京市,女,公司职员,1997
341,kh0341,雷鑫,武汉市,男,公司职员,1984
342,kh0342,雷磊,上海市,男,教师,1981
343,kh0343,雷子涵,南京市,女,自由职业,1999
344,kh0344,雷雨涵,武汉市,女,个体户,1995
345,kh0345,雷丽,南京市,女,公司职员,1990
346,kh0346,贺阳,武汉市,男,自由职业,1984
347,kh0347,贺宇,杭州市,男,公司职员,1980
348,kh0348,贺波,杭州市,男,教师,1993
349,kh0349,贺静,西安市,女,公司职员,1988
350,kh0350,贺艳,深圳市,女,个体户,1996
351,kh0351,倪宇航,北京市,男,公司职员,1987
352,kh0352,倪浩轩,北京市,男,公司职员,1999
353,kh0353,倪鹏,南京市,男,教师,1985
354,kh0354,倪佳怡,成都市,女,公司职员,1996
355,kh0355,倪悦,武汉市,女,教师,1995
356,kh0356,汤宇轩,北京市,男,个体户,1984
357,kh0357,汤帅,北京市,男,教师,1982
358,kh0358,汤婷婷,成都市,女,自由职业,1984
359,kh0359,汤静,南京市,女,自由职业,1995
360,kh0360,汤颖,成都市,女,教师,1980
361,kh0361,滕宇轩,武汉市,男,教师,1999
362,kh0362,滕浩,成都市,男,教师,1984
363,kh0363,滕超,上海市,男,教师,1997
364,kh0364,滕雨涵,深圳市,女,公司职员,1994
365,kh0365,滕颖,西安市,女,教师,1980
366,kh0366,殷帅,西安市,男,教师,1997
367,kh0367,殷伟,深圳市,男,个体户,1983
368,kh0368,殷佳怡,上海市,女,个体户,1986
369,kh0369,殷敏,成都市,女,公司职员,1986
370,kh0370,殷艳,北京市,女,公司职员,1991
371,kh0371,罗鑫,成都市,男,公司职员,1982
372,kh0372,罗磊,成都市,男,自由职业,1998
373,kh0373,罗宇,西安市,男,公司职员,1983
374,kh0374,罗婷,深圳市,女,自由职业,1999
375,kh0375,罗颖,成都市,女,自由职业,1997
376,kh0376,毕磊,上海市,男,公司职员,1989
377,kh0377,毕雨欣,南京市,女,公司职员,2000
378,kh0378,毕敏,南京市,女,教师,1998
379,kh0379,毕颖,武汉市,女,个体户,1994
380,kh0380,毕丹,北京市,女,教师,1989
381,kh0381,郝浩然,杭州市,男,个体户,1984
382,kh0382,郝欣怡,南京市,女,公司职员,1982
383,kh0383,郝梓涵,武汉市,女,公司职员,1984
384,kh0384,郝静,南京市,女,个体户,1984
385,kh0385,郝敏,南京市,女,个体户,1985
386,kh0386,邬子豪,武汉市,男,公司职员,1981
387,kh0387,邬磊,北京市,男,个体户,1995
388,kh0388,邬梓涵,北京市,女,个体户,1994
389,kh0389,邬雪,上海市,女,自由职业,1992
390,kh0390,邬丹,成都市,女,教师,1986
391,kh0391,安阳,杭州市,男,教师,1988
392,kh0392,安子豪,上海市,男,教师,2000
393,kh0393,安帅,北京市,男,个体户,1983
394,kh0394,安军,西安市,男,教师,1991
395,kh0395,安倩,深圳市,女,自由职业,1999
396,kh0396,常伟,广州市,男,个体户,1989
397,kh0397,常梓宣,杭州市,女,个体户,1998
398,kh0398,常婷婷,上海市,女,教师,1996
399,kh0399,常雪,武汉市,女,自由职业,2000
400,kh0400,常丹,武汉市,女,个体户,1995
401,kh0401,乐浩轩,西安市,男,公司职员,1993
402,kh0402,乐涛,杭州市,男,教师,1983
403,kh0403,乐磊,武汉市,男,教师,1986
404,kh0404,乐雨涵,广州市,女,自由职业,1987
405,kh0405,乐丽,深圳市,女,教师,1984
406,kh0406,于阳,南京市,男,教师,1996
407,kh0407,于宇,广州市,男,个体户,1996
408,kh0408,于强,西安市,男,教师,1999
409,kh0409,于梓宣,南京市,女,自由职业,1999
410,kh0410,于颖,武汉市,女,公司职员,1993
411,kh0411,时皓轩,杭州市,男,教师,1992
412,kh0412,时浩轩,成都市,男,个体户,2000
413,kh0413,时鑫,成都市,男,教师,1988
414,kh0414,时婷,杭州市,女,个体户,1991
415,kh0415,时婷婷,西安市,女,个体户,1998
416,kh0416,傅子豪,深圳市,男,公司职员,1987
417,kh0417,傅磊,北京市,男,公司职员,1980
418,kh0418,傅勇,杭州市,男,自由职业,1992
419,kh0419,傅军,西安市,男,教师,1986
420,kh0420,傅丽,深圳市,女,个体户,1993
421,kh0421,皮子涵,杭州市,男,自由职业,1998
422,kh0422,皮鑫,上海市,男,个体户,1994
423,kh0423,皮军,上海市,男,自由职业,1983
424,kh0424,皮敏,西安市,女,公司职员,1997
425,kh0425,皮娟,上海市,女,公司职员,1989
426,kh0426,卞浩轩,北京市,男,自由职业,1988
427,kh0427,卞俊杰,深圳市,男,自由职业,2000
428,kh0428,卞杰,南京市,男,公司职员,1985
429,kh0429,卞强,上海市,男,个体户,1997
430,kh0430,卞悦,杭州市,女,自由职业,1980
431,kh0431,齐浩轩,成都市,男,教师,1984
432,kh0432,齐涛,上海市,男,公司职员,1991
433,kh0433,齐婷,南京市,女,教师,1991
434,kh0434,齐婷婷,广州市,女,个体户,1983
435,kh0435,齐敏,成都市,女,自由职业,1988
436,kh0436,康子轩,北京市,男,教师,1996
437,kh0437,康宇航,上海市,男,公司职员,1998
438,kh0438,康鹏,武汉市,男,教师,1989
439,kh0439,康佳怡,成都市,女,公司职员,1982
440,kh0440,康敏,深圳市,女,公司职员,1990
441,kh0441,伍子豪,成都市,男,个体户,1993
442,kh0442,伍子涵,北京市,男,公司职员,1994
443,kh0443,伍浩,南京市,男,教师,1985
444,kh0444,伍鹏,成都市,男,公司职员,1987
445,kh0445,伍军,杭州市,男,公司职员,1993
446,kh0446,余波,西安市,男,个体户,1996
447,kh0447,余悦,成都市,女,自由职业,1996
448,kh0448,余雪,广州市,女,自由职业,1989
449,kh0449,余艳,北京市,女,公司职员,1989
450,kh0450,余娟,广州市,女,教师,1983
451,kh0451,元洋,北京市,男,个体户,1988
452,kh0452,元浩,武汉市,男,个体户,1983
453,kh0453,元雨涵,武汉市,女,个体户,1987
454,kh0454,元婷,武汉市,女,自由职业,1998
455,kh0455,元艳,成都市,女,自由职业,1980
456,kh0456,卜阳,上海市,男,自由职业,2000
457,kh0457,卜子轩,南京市,男,自由职业,1991
458,kh0458,卜皓轩,广州市,男,公司职员,1980
459,kh0459,卜勇,深圳市,男,教师,1989
460,kh0460,卜颖,北京市,女,公司职员,1982
461,kh0461,顾子涵,南京市,男,公司职员,1995
462,kh0462,顾鹏,深圳市,男,公司职员,1995
463,kh0463,顾勇,武汉市,男,自由职业,1994
464,kh0464,顾欣怡,成都市,女,公司职员,1989
465,kh0465,顾颖,北京市,女,自由职业,1983
466,kh0466,孟阳,成都市,男,个体户,1998
467,kh0467,孟子豪,成都市,男,公司职员,2000
468,kh0468,孟浩,成都市,男,教师,1982
469,kh0469,孟颖,深圳市,女,公司职员,1983
470,kh0470,孟娟,杭州市,女,个体户,1984
471,kh0471,平浩宇,深圳市,男,自由职业,1996
472,kh0472,平子豪,南京市,男,公司职员,1987
473,kh0473,平涛,杭州市,男,自由职业,2000
474,kh0474,平鑫,上海市,男,个体户,1980
475,kh0475,平佳怡,武汉市,女,自由职业,1995
476,kh0476,黄浩宇,成都市,男,公司职员,1995
477,kh0477,黄涛,北京市,男,自由职业,1984
478,kh0478,黄勇,西安市,男,个体户,1992
479,kh0479,黄子涵,深圳市,女,教师,1987
480,kh0480,黄丽,南京市,女,公司职员,1986
481,kh0481,和浩然,深圳市,男,教师,1990
482,kh0482,和宇航,杭州市,男,公司职员,1980
483,kh0483,和子涵,杭州市,男,个体户,1994
484,kh0484,和超,北京市,男,教师,1993
485,kh0485,和欣怡,南京市,女,公司职员,1994
486,kh0486,穆洋,广州市,男,公司职员,1993
487,kh0487,穆帅,武汉市,男,自由职业,1985
488,kh0488,穆静,武汉市,女,公司职员,1992
489,kh0489,穆丹,上海市,女,教师,1989
490,kh0490,穆丽,南京市,女,个体户,1995
491,kh0491,萧诗涵,北京市,女,公司职员,1982
492,kh0492,萧静,深圳市,女,教师,1984
493,kh0493,萧悦,广州市,女,教师,1987
494,kh0494,萧颖,广州市,女,公司职员,1998
495,kh0495,萧倩,杭州市,女,公司职员,1999
496,kh0496,尹子轩,成都市,男,自由职业,1989
497,kh0497,尹子豪,成都市,男,公司职员,1995
498,kh0498,尹帅,杭州市,男,自由职业,1982
499,kh0499,尹静,深圳市,女,自由职业,1985
500,kh0500,尹艳,北京市,女,公司职员,1994
501,kh0501,姚浩,广州市,男,自由职业,1981
502,kh0502,姚帅,西安市,男,自由职业,1983
503,kh0503,姚鹏,上海市,男,公司职员,2000
504,kh0504,姚欣怡,南京市,女,教师,1994
505,kh0505,姚敏,西安市,女,个体户,1998
506,kh0506,邵子轩,杭州市,男,个体户,1987
507,kh0507,邵鑫,深圳市,男,公司职员,1980
508,kh0508,邵鹏,杭州市,男,教师,2000
509,kh0509,邵超,上海市,男,公司职员,1990
510,kh0510,邵雨欣,杭州市,女,教师,1981
511,kh0511,湛浩然,成都市,男,公司职员,1985
512,kh0512,湛杰,西安市,男,教师,1985
513,kh0513,湛帅,南京市,男,教师,1980
514,kh0514,湛超,西安市,男,自由职业,1999
515,kh0515,湛娟,武汉市,女,公司职员,1983
516,kh0516,汪浩宇,杭州市,男,个体户,1997
517,kh0517,汪勇,武汉市,男,教师,1987
518,kh0518,汪雨涵,武汉市,女,个体户,1997
519,kh0519,汪悦,广州市,女,个体户,1993
520,kh0520,汪倩,深圳市,女,自由职业,1997
521,kh0521,祁浩宇,南京市,男,自由职业,1991
522,kh0522,祁伟,广州市,男,个体户,1983
523,kh0523,祁强,杭州市,男,教师,1998
524,kh0524,祁紫涵,上海市,女,个体户,1983
525,kh0525,祁佳怡,杭州市,女,个体户,1984
526,kh0526,毛宇航,成都市,男,公司职员,1996
527,kh0527,毛杰,武汉市,男,教师,1988
528,kh0528,毛鹏,武汉市,男,个体户,2000
529,kh0529,毛勇,广州市,男,自由职业,1999
530,kh0530,毛娟,深圳市,女,自由职业,1988
531,kh0531,禹俊杰,杭州市,男,自由职业,1997
532,kh0532,禹鑫,深圳市,男,公司职员,1981
533,kh0533,禹波,上海市,男,教师,1993
534,kh0534,禹诗涵,杭州市,女,教师,1997
535,kh0535,禹子涵,武汉市,女,教师,1992
536,kh0536,狄浩,西安市,男,自由职业,1991
537,kh0537,狄超,西安市,男,个体户,1982
538,kh0538,狄紫涵,西安市,女,个体户,1993
539,kh0539,狄丹,南京市,女,自由职业,1991
540,kh0540,狄娟,南京市,女,教师,1989
541,kh0541,米浩轩,武汉市,男,公司职员,1994
542,kh0542,米欣怡,深圳市,女,自由职业,1995
543,kh0543,米雨欣,北京市,女,公司职员,1994
544,kh0544,米敏,广州市,女,个体户,1983
545,kh0545,米丹,武汉市,女,公司职员,1991
546,kh0546,贝涛,北京市,男,公司职员,1984
547,kh0547,贝杰,广州市,男,公司职员,1994
548,kh0548,贝勇,广州市,男,自由职业,1982
549,kh0549,贝婷,北京市,女,个体户,1987
550,kh0550,贝颖,北京市,女,教师,1983
551,kh0551,明洋,上海市,男,个体户,1997
552,kh0552,明涛,杭州市,男,教师,1992
553,kh0553,明鑫,广州市,男,公司职员,1993
554,kh0554,明梓宣,西安市,女,自由职业,1983
555,kh0555,明子涵,北京市,女,公司职员,1983
556,kh0556,臧俊杰,成都市,男,教师,1994
557,kh0557,臧浩,上海市,男,自由职业,1988
558,kh0558,臧婷,西安市,女,公司职员,1987
559,kh0559,臧雪,深圳市,女,公司职员,2000
560,kh0560,臧娟,南京市,女,自由职业,1981
561,kh0561,计皓轩,上海市,男,自由职业,1995
562,kh0562,计宇,武汉市,男,公司职员,2000
563,kh0563,计强,北京市,男,教师,1993
564,kh0564,计丹,武汉市,女,公司职员,1993
565,kh0565,计艳,南京市,女,教师,1993
566,kh0566,伏浩宇,南京市,男,教师,1999
567,kh0567,伏伟,武汉市,男,自由职业,1993
568,kh0568,伏诗涵,北京市,女,个体户,1997
569,kh0569,伏静,上海市,女,公司职员,1995
570,kh0570,伏丹,成都市,女,个体户,1995
571,kh0571,成梓涵,武汉市,女,教师,1987
572,kh0572,成诗涵,杭州市,女,个体户,1998
573,kh0573,成子涵,北京市,女,教师,1985
574,kh0574,成丹,武汉市,女,教师,1989
575,kh0575,成丽,上海市,女,个体户,1994
576,kh0576,戴俊杰,北京市,男,教师,1990
577,kh0577,戴涛,成都市,男,个体户,1987
578,kh0578,戴帅,武汉市,男,公司职员,1999
579,kh0579,戴超,南京市,男,自由职业,1994
580,kh0580,戴雨欣,广州市,女,个体户,1982
581,kh0581,谈子豪,深圳市,男,公司职员,1991
582,kh0582,谈伟,杭州市,男,教师,1989
583,kh0583,谈超,深圳市,男,自由职业,1984
584,kh0584,谈诗涵,西安市,女,公司职员,1992
585,kh0585,谈丽,南京市,女,自由职业,1994
586,kh0586,宋浩宇,杭州市,男,公司职员,1995
587,kh0587,宋宇航,杭州市,男,教师,1985
588,kh0588,宋伟,广州市,男,自由职业,1999
589,kh0589,宋强,深圳市,男,自由职业,1987
590,kh0590,宋勇,成都市,男,教师,1992
591,kh0591,茅皓轩,上海市,男,自由职业,1996
592,kh0592,茅浩轩,广州市,男,个体户,1996
593,kh0593,茅强,武汉市,男,自由职业,1985
594,kh0594,茅婷婷,杭州市,女,自由职业,1994
595,kh0595,茅静,武汉市,女,公司职员,1984
596,kh0596,庞浩,广州市,男,公司职员,1999
597,kh0597,庞雨涵,西安市,女,公司职员,1986
598,kh0598,庞雨欣,杭州市,女,公司职员,1999
599,kh0599,庞婷,成都市,女,公司职员,1996
600,kh0600,庞敏,西安市,女,教师,1999
601,kh0601,熊浩然,上海市,男,个体户,1985
602,kh0602,熊宇轩,深圳市,男,自由职业,1987
603,kh0603,熊皓轩,杭州市,男,公司职员,1983
604,kh0604,熊颖,广州市,女,自由职业,1993
605,kh0605,熊丹,西安市,女,公司职员,1991
606,kh0606,纪子轩,广州市,男,个体户,1996
607,kh0607,纪欣怡,上海市,女,自由职业,1988
608,kh0608,纪佳怡,上海市,女,个体户,1991
609,kh0609,纪雨涵,上海市,女,教师,2000
610,kh0610,纪颖,成都市,女,个体户,1981
611,kh0611,舒阳,南京市,男,个体户,1987
612,kh0612,舒杰,成都市,男,公司职员,1996
613,kh0613,舒伟,南京市,男,公司职员,1982
614,kh0614,舒超,广州市,男,个体户,1999
615,kh0615,舒佳怡,上海市,女,自由职业,1991
616,kh0616,屈浩轩,南京市,男,教师,1997
617,kh0617,屈杰,西安市,男,个体户,1982
618,kh0618,屈帅,上海市,男,公司职员,1994
619,kh0619,屈军,武汉市,男,自由职业,1987
620,kh0620,屈波,北京市,男,个体户,1985
621,kh0621,项浩宇,南京市,男,个体户,1992
622,kh0622,项子豪,成都市,男,公司职员,2000
623,kh0623,项宇,广州市,男,公司职员,1994
624,kh0624,项梓宣,上海市,女,教师,1981
625,kh0625,项子涵,广州市,女,个体户,2000
626,kh0626,祝涛,北京市,男,教师,1980
627,kh0627,祝军,广州市,男,教师,1985
628,kh0628,祝子涵,成都市,女,自由职业,1991
629,kh0629,祝紫涵,上海市,女,个体户,1991
630,kh0630,祝静,杭州市,女,教师,1993
631,kh0631,董浩然,武汉市,男,教师,1994
632,kh0632,董杰,上海市,男,公司职员,1999
633,kh0633,董磊,杭州市,男,公司职员,1982
634,kh0634,董帅,南京市,男,个体户,1982
635,kh0635,董艳,广州市,女,个体户,1992
636,kh0636,梁杰,杭州市,男,教师,1990
637,kh0637,梁鹏,广州市,男,自由职业,1982
638,kh0638,梁诗涵,广州市,女,教师,1982
639,kh0639,梁梓宣,广州市,女,个体户,1982
640,kh0640,梁雨欣,杭州市,女,教师,1981
641,kh0641,杜子轩,杭州市,男,个体户,1994
642,kh0642,杜皓轩,上海市,男,公司职员,1995
643,kh0643,杜俊杰,上海市,男,自由职业,1988
644,kh0644,杜勇,杭州市,男,公司职员,2000
645,kh0645,杜婷婷,北京市,女,教师,1985
646,kh0646,阮浩宇,广州市,男,公司职员,1999
647,kh0647,阮强,西安市,男,公司职员,1990
648,kh0648,阮欣怡,上海市,女,教师,1993
649,kh0649,阮梓涵,南京市,女,公司职员,1998
650,kh0650,阮颖,武汉市,女,公司职员,1991
651,kh0651,蓝子轩,南京市,男,自由职业,1984
652,kh0652,蓝伟,成都市,男,公司职员,1995
653,kh0653,蓝欣怡,深圳市,女,教师,1985
654,kh0654,蓝丽,深圳市,女,公司职员,1996
655,kh0655,蓝倩,杭州市,女,个体户,1988
656,kh0656,闵浩然,西安市,男,教师,1985
657,kh0657,闵皓轩,广州市,男,个体户,1998
658,kh0658,闵子涵,北京市,男,自由职业,1987
659,kh0659,闵佳怡,北京市,女,自由职业,1996
660,kh0660,闵雪,成都市,女,教师,1997
661,kh0661,席子轩,北京市,男,公司职员,1992
662,kh0662,席鑫,上海市,男,自由职业,1988
663,kh0663,席军,广州市,男,自由职业,1989
664,kh0664,席婷婷,武汉市,女,个体户,1986
665,kh0665,席颖,广州市,女,教师,1993
666,kh0666,季子豪,武汉市,男,公司职员,1986
667,kh0667,季杰,西安市,男,个体户,1997
668,kh0668,季磊,广州市,男,教师,1996
669,kh0669,季超,北京市,男,自由职业,1992
670,kh0670,季勇,成都市,男,自由职业,1997
671,kh0671,麻宇航,上海市,男,个体户,1999
672,kh0672,麻紫涵,广州市,女,公司职员,1991
673,kh0673,麻悦,深圳市,女,自由职业,1999
674,kh0674,麻颖,深圳市,女,自由职业,1981
675,kh0675,麻倩,武汉市,女,教师,1984
676,kh0676,强浩宇,深圳市,男,公司职员,1985
677,kh0677,强磊,武汉市,男,教师,1993
678,kh0678,强诗涵,广州市,女,教师,1981
679,kh0679,强梓宣,成都市,女,公司职员,1988
680,kh0680,强雨涵,西安市,女,公司职员,1993
681,kh0681,贾超,杭州市,男,自由职业,2000
682,kh0682,贾波,成都市,男,自由职业,1987
683,kh0683,贾雨欣,武汉市,女,个体户,1988
684,kh0684,贾丽,广州市,女,个体户,1994
685,kh0685,贾娟,西安市,女,自由职业,1980
686,kh0686,路阳,深圳市,男,个体户,1995
687,kh0687,路子轩,南京市,男,自由职业,1999
688,kh0688,路浩,深圳市,男,公司职员,1997
689,kh0689,路帅,成都市,男,公司职员,1980
690,kh0690,路超,杭州市,男,个体户,1993
691,kh0691,娄子轩,杭州市,男,公司职员,1991
692,kh0692,娄子豪,武汉市,男,个体户,1981
693,kh0693,娄子涵,南京市,男,教师,1982
694,kh0694,娄梓涵,北京市,女,公司职员,1999
695,kh0695,娄艳,广州市,女,自由职业,1987
696,kh0696,危杰,深圳市,男,教师,2000
697,kh0697,危磊,成都市,男,公司职员,1987
698,kh0698,危伟,深圳市,男,公司职员,1986
699,kh0699,危军,上海市,男,自由职业,1980
700,kh0700,危欣怡,成都市,女,教师,1999
701,kh0701,江宇轩,上海市,男,公司职员,1980
702,kh0702,江子轩,南京市,男,教师,1994
703,kh0703,江宇航,杭州市,男,教师,1998
704,kh0704,江雨欣,广州市,女,自由职业,1991
705,kh0705,江敏,北京市,女,自由职业,1988
706,kh0706,童子豪,南京市,男,个体户,1991
707,kh0707,童杰,深圳市,男,教师,1981
708,kh0708,童宇,成都市,男,教师,1991
709,kh0709,童颖,成都市,女,自由职业,1996
710,kh0710,童丹,西安市,女,公司职员,1987
711,kh0711,颜浩宇,北京市,男,自由职业,1983
712,kh0712,颜梓涵,上海市,女,个体户,1982
713,kh0713,颜梓宣,广州市,女,个体户,1988
714,kh0714,颜雨涵,武汉市,女,自由职业,1986
715,kh0715,颜丽,成都市,女,自由职业,1983
716,kh0716,郭浩轩,广州市,男,自由职业,1982
717,kh0717,郭子涵,成都市,男,教师,1984
718,kh0718,郭梓涵,北京市,女,个体户,1987
719,kh0719,郭雪,西安市,女,个体户,1987
720,kh0720,郭丽,成都市,女,公司职员,1997
721,kh0721,梅阳,成都市,男,自由职业,1982
722,kh0722,梅宇轩,武汉市,男,公司职员,1983
723,kh0723,梅宇航,成都市,男,公司职员,1988
724,kh0724,梅杰,杭州市,男,个体户,1993
725,kh0725,梅雪,成都市,女,教师,2000
726,kh0726,盛子豪,广州市,男,个体户,1987
727,kh0727,盛梓涵,武汉市,女,教师,2000
728,kh0728,盛雨涵,成都市,女,个体户,1997
729,kh0729,盛悦,西安市,女,公司职员,1998
730,kh0730,盛倩,武汉市,女,自由职业,1981
731,kh0731,林帅,成都市,男,自由职业,1982
732,kh0732,林雨涵,杭州市,女,公司职员,1980
733,kh0733,林雨欣,南京市,女,公司职员,1995
734,kh0734,林敏,南京市,女,教师,1992
735,kh0735,林雪,杭州市,女,公司职员,1992
736,kh0736,刁波,西安市,男,自由职业,1999
737,kh0737,刁子涵,杭州市,女,教师,1993
738,kh0738,刁佳怡,西安市,女,自由职业,1988
739,kh0739,刁悦,杭州市,女,自由职业,1986
740,kh0740,刁倩,武汉市,女,自由职业,2000
741,kh0741,钟宇航,南京市,男,教师,1991
742,kh0742,钟帅,广州市,男,教师,1980
743,kh0743,钟宇,深圳市,男,自由职业,1980
744,kh0744,钟婷婷,武汉市,女,自由职业,1998
745,kh0745,钟悦,西安市,女,教师,1988
746,kh0746,徐洋,杭州市,男,自由职业,1998
747,kh0747,徐浩轩,上海市,男,教师,1992
748,kh0748,徐诗涵,北京市,女,自由职业,1996
749,kh0749,徐敏,西安市,女,个体户,1997
750,kh0750,徐丽,杭州市,女,教师,1986
751,kh0751,邱子涵,上海市,男,公司职员,1987
752,kh0752,邱杰,成都市,男,自由职业,1981
753,kh0753,邱佳怡,上海市,女,教师,1997
754,kh0754,邱静,深圳市,女,自由职业,1987
755,kh0755,邱颖,北京市,女,自由职业,1980
756,kh0756,骆子轩,上海市,男,自由职业,1988
757,kh0757,骆皓轩,南京市,男,个体户,1985
758,kh0758,骆磊,南京市,男,公司职员,1995
759,kh0759,骆帅,南京市,男,公司职员,2000
760,kh0760,骆伟,成都市,男,教师,1996
761,kh0761,高宇航,广州市,男,自由职业,1992
762,kh0762,高皓轩,广州市,男,自由职业,1995
763,kh0763,高宇,杭州市,男,自由职业,1993
764,kh0764,高鹏,西安市,男,公司职员,1982
765,kh0765,高梓涵,南京市,女,教师,2000
766,kh0766,夏阳,深圳市,男,个体户,1984
767,kh0767,夏鑫,南京市,男,教师,1999
768,kh0768,夏超,上海市,男,教师,1989
769,kh0769,夏勇,深圳市,男,自由职业,1985
770,kh0770,夏雨涵,武汉市,女,教师,1987
771,kh0771,蔡俊杰,广州市,男,教师,1992
772,kh0772,蔡涛,上海市,男,个体户,1984
773,kh0773,蔡磊,西安市,男,个体户,1982
774,kh0774,蔡佳怡,杭州市,女,个体户,1998
775,kh0775,蔡丽,南京市,女,自由职业,1982
776,kh0776,田洋,深圳市,男,公司职员,1984
777,kh0777,田宇,杭州市,男,自由职业,1995
778,kh0778,田佳怡,西安市,女,个体户,1982
779,kh0779,田静,武汉市,女,公司职员,1980
780,kh0780,田敏,成都市,女,个体户,1981
781,kh0781,樊杰,北京市,男,自由职业,1988
782,kh0782,樊磊,成都市,男,个体户,1987
783,kh0783,樊子涵,广州市,女,个体户,1997
784,kh0784,樊静,杭州市,女,自由职业,1992
785,kh0785,樊颖,上海市,女,教师,1993
786,kh0786,胡浩,西安市,男,公司职员,1992
787,kh0787,胡帅,北京市,男,个体户,1990
788,kh0788,胡鹏,北京市,男,公司职员,2000
789,kh0789,胡紫涵,杭州市,女,公司职员,1987
790,kh0790,胡静,杭州市,女,公司职员,1986
791,kh0791,凌浩宇,西安市,男,教师,1999
792,kh0792,凌俊杰,杭州市,男,个体户,1982
793,kh0793,凌杰,深圳市,男,个体户,2000
794,kh0794,凌诗涵,杭州市,女,教师,1983
795,kh0795,凌雨欣,广州市,女,个体户,1995
796,kh0796,霍宇轩,广州市,男,教师,1995
797,kh0797,霍宇航,深圳市,男,公司职员,1999
798,kh0798,霍伟,杭州市,男,个体户,1984
799,kh0799,霍波,广州市,男,公司职员,1993
800,kh0800,霍倩,武汉市,女,教师,1993
801,kh0801,虞皓轩,武汉市,男,自由职业,1993
802,kh0802,虞宇,北京市,男,公司职员,1980
803,kh0803,虞强,杭州市,男,教师,1987
804,kh0804,虞雪,北京市,女,教师,1994
805,kh0805,虞娟,武汉市,女,自由职业,1990
806,kh0806,万洋,西安市,男,教师,1997
807,kh0807,万波,杭州市,男,自由职业,1983
808,kh0808,万紫涵,广州市,女,个体户,1992
809,kh0809,万颖,深圳市,女,个体户,1983
810,kh0810,万丽,成都市,女,个体户,1988
811,kh0811,支阳,杭州市,男,自由职业,1998
812,kh0812,支子轩,北京市,男,自由职业,1992
813,kh0813,支皓轩,广州市,男,公司职员,1990
814,kh0814,支子豪,武汉市,男,自由职业,1988
815,kh0815,支伟,深圳市,男,公司职员,1994
816,kh0816,柯浩宇,深圳市,男,教师,1993
817,kh0817,柯宇航,成都市,男,教师,1990
818,kh0818,柯梓宣,广州市,女,个体户,1980
819,kh0819,柯紫涵,西安市,女,教师,1980
820,kh0820,柯雨涵,上海市,女,教师,1987
821,kh0821,昝阳,南京市,男,教师,1998
822,kh0822,昝宇,西安市,男,公司职员,1988
823,kh0823,昝婷婷,上海市,女,公司职员,1992
824,kh0824,昝悦,广州市,女,教师,1993
825,kh0825,昝娟,武汉市,女,自由职业,1998
826,kh0826,管浩轩,北京市,男,自由职业,1989
827,kh0827,管俊杰,北京市,男,教师,1985
828,kh0828,管超,成都市,男,公司职员,1985
829,kh0829,管子涵,西安市,女,自由职业,1980
830,kh0830,管佳怡,北京市,女,个体户,1992
831,kh0831,卢子豪,北京市,男,教师,1980
832,kh0832,卢杰,广州市,男,公司职员,1986
833,kh0833,卢鹏,南京市,男,公司职员,1989
834,kh0834,卢梓宣,深圳市,女,公司职员,1992
835,kh0835,卢婷,成都市,女,个体户,1982
836,kh0836,莫浩,成都市,男,公司职员,1998
837,kh0837,莫鑫,武汉市,男,个体户,1994
838,kh0838,莫波,上海市,男,个体户,1981
839,kh0839,莫雨欣,杭州市,女,自由职业,1984
840,kh0840,莫倩,武汉市,女,教师,1984
841,kh0841,经浩轩,杭州市,男,自由职业,1983
842,kh0842,经宇,西安市,男,教师,1994
843,kh0843,经梓宣,成都市,女,个体户,1983
844,kh0844,经佳怡,成都市,女,自由职业,1986
845,kh0845,经丽,杭州市,女,公司职员,1990
846,kh0846,房宇航,深圳市,男,个体户,1992
847,kh0847,房磊,广州市,男,公司职员,1999
848,kh0848,房伟,深圳市,男,教师,1994
849,kh0849,房波,杭州市,男,个体户,1993
850,kh0850,房子涵,北京市,女,教师,1980
851,kh0851,裘浩宇,深圳市,男,自由职业,1998
852,kh0852,裘杰,杭州市,男,个体户,1980
853,kh0853,裘梓宣,杭州市,女,自由职业,1990
854,kh0854,裘婷,西安市,女,个体户,2000
855,kh0855,裘艳,广州市,女,个体户,1994
856,kh0856,缪杰,武汉市,男,教师,1990
857,kh0857,缪帅,杭州市,男,自由职业,1989
858,kh0858,缪紫涵,南京市,女,教师,1987
859,kh0859,缪婷,成都市,女,自由职业,1986
860,kh0860,缪丽,广州市,女,自由职业,1997
861,kh0861,干涛,深圳市,男,教师,1995
862,kh0862,干浩,成都市,男,自由职业,1997
863,kh0863,干子涵,成都市,女,个体户,1980
864,kh0864,干佳怡,北京市,女,教师,1995
865,kh0865,干丹,西安市,女,个体户,1990
866,kh0866,解涛,武汉市,男,教师,1994
867,kh0867,解超,杭州市,男,公司职员,1999
868,kh0868,解紫涵,杭州市,女,个体户,1998
869,kh0869,解丽,北京市,女,教师,1994
870,kh0870,解倩,武汉市,女,公司职员,1980
871,kh0871,应阳,武汉市,男,公司职员,1995
872,kh0872,应浩宇,广州市,男,公司职员,1984
873,kh0873,应子豪,西安市,男,个体户,1995
874,kh0874,应帅,西安市,男,自由职业,1983
875,kh0875,应伟,武汉市,男,教师,1980
876,kh0876,宗浩宇,武汉市,男,自由职业,2000
877,kh0877,宗浩轩,深圳市,男,个体户,1981
878,kh0878,宗宇,广州市,男,个体户,2000
879,kh0879,宗梓涵,上海市,女,教师,1993
880,kh0880,宗敏,武汉市,女,自由职业,1986
881,kh0881,丁阳,南京市,男,个体户,1989
882,kh0882,丁子轩,上海市,男,个体户,1981
883,kh0883,丁鑫,南京市,男,个体户,1990
884,kh0884,丁鹏,南京市,男,自由职业,1990
885,kh0885,丁倩,杭州市,女,公司职员,1991
886,kh0886,宣超,杭州市,男,教师,1994
887,kh0887,宣梓涵,西安市,女,个体户,1993
888,kh0888,宣子涵,南京市,女,教师,2000
889,kh0889,宣婷婷,广州市,女,教师,1983
890,kh0890,宣雪,杭州市,女,自由职业,1997
891,kh0891,贲宇轩,成都市,男,教师,2000
892,kh0892,贲宇航,杭州市,男,自由职业,1984
893,kh0893,贲浩,武汉市,男,公司职员,1992
894,kh0894,贲杰,武汉市,男,自由职业,1981
895,kh0895,贲丹,成都市,女,自由职业,1986
896,kh0896,邓子涵,南京市,男,公司职员,1999
897,kh0897,邓婷,南京市,女,教师,1990
898,kh0898,邓婷婷,成都市,女,教师,1985
899,kh0899,邓悦,深圳市,女,公司职员,1986
900,kh0900,邓敏,深圳市,女,个体户,1997
901,kh0901,郁浩然,广州市,男,教师,1981
902,kh0902,郁伟,深圳市,男,个体户,1999
903,kh0903,郁梓涵,杭州市,女,个体户,1999
904,kh0904,郁梓宣,成都市,女,教师,1996
905,kh0905,郁雨涵,南京市,女,自由职业,1983
906,kh0906,单宇航,西安市,男,教师,1980
907,kh0907,单俊杰,北京市,男,自由职业,1989
908,kh0908,单诗涵,武汉市,女,公司职员,1999
909,kh0909,单子涵,上海市,女,教师,1983
910,kh0910,单娟,西安市,女,公司职员,1984
911,kh0911,杭俊杰,武汉市,男,个体户,1999
912,kh0912,杭超,北京市,男,公司职员,1992
913,kh0913,杭强,西安市,男,公司职员,1989
914,kh0914,杭雪,北京市,女,自由职业,1983
915,kh0915,杭丹,上海市,女,教师,1995
916,kh0916,洪阳,成都市,男,个体户,1982
917,kh0917,洪涛,深圳市,男,教师,1996
918,kh0918,洪宇,杭州市,男,教师,1983
919,kh0919,洪勇,西安市,男,公司职员,1997
920,kh0920,洪倩,南京市,女,公司职员,1996
921,kh0921,包子轩,成都市,男,个体户,1993
922,kh0922,包子豪,广州市,男,教师,1982
923,kh0923,包俊杰,广州市,男,教师,1998
924,kh0924,包杰,南京市,男,教师,1996
925,kh0925,包静,北京市,女,自由职业,1983
926,kh0926,诸宇轩,广州市,男,个体户,1980
927,kh0927,诸帅,上海市,男,自由职业,1996
928,kh0928,诸雨涵,北京市,女,自由职业,1995
929,kh0929,诸婷婷,武汉市,女,自由职业,1999
930,kh0930,诸艳,深圳市,女,公司职员,1997
931,kh0931,左宇轩,深圳市,男,个体户,1992
932,kh0932,左子豪,深圳市,男,个体户,1996
933,kh0933,左帅,南京市,男,自由职业,1997
934,kh0934,左诗涵,西安市,女,自由职业,1990
935,kh0935,左佳怡,杭州市,女,公司职员,1982
936,kh0936,石子轩,南京市,男,自由职业,1986
937,kh0937,石宇,广州市,男,自由职业,1997
938,kh0938,石鹏,杭州市,男,公司职员,1997
939,kh0939,石超,深圳市,男,自由职业,1982
940,kh0940,石静,成都市,女,教师,1993
941,kh0941,崔浩然,广州市,男,公司职员,2000
942,kh0942,崔子豪,杭州市,男,教师,1989
943,kh0943,崔宇,杭州市,男,自由职业,1980
944,kh0944,崔鹏,武汉市,男,教师,1997
945,kh0945,崔波,杭州市,男,教师,1988
946,kh0946,吉洋,杭州市,男,自由职业,1987
947,kh0947,吉宇航,成都市,男,自由职业,1982
948,kh0948,吉涛,北京市,男,教师,1989
949,kh0949,吉梓宣,武汉市,女,个体户,1992
950,kh0950,吉丽,上海市,女,自由职业,1994
951,kh0951,钮子豪,西安市,男,公司职员,1989
952,kh0952,钮浩,武汉市,男,个体户,1988
953,kh0953,钮杰,深圳市,男,公司职员,1994
954,kh0954,钮超,广州市,男,个体户,1981
955,kh0955,钮波,杭州市,男,自由职业,1981
956,kh0956,龚皓轩,南京市,男,自由职业,1981
957,kh0957,龚鹏,武汉市,男,公司职员,1985
958,kh0958,龚欣怡,广州市,女,自由职业,1988
959,kh0959,龚婷婷,深圳市,女,个体户,1995
960,kh0960,龚静,广州市,女,自由职业,1992
961,kh0961,程宇航,广州市,男,个体户,1981
962,kh0962,程皓轩,北京市,男,自由职业,1994
963,kh0963,程俊杰,南京市,男,个体户,1981
964,kh0964,程颖,上海市,女,公司职员,1982
965,kh0965,程娟,南京市,女,公司职员,2000
966,kh0966,邢宇航,武汉市,男,教师,1981
967,kh0967,邢子豪,广州市,男,个体户,1985
968,kh0968,邢超,杭州市,男,公司职员,1983
969,kh0969,邢雨欣,南京市,女,自由职业,1997
970,kh0970,邢颖,上海市,女,教师,1987
971,kh0971,滑洋,西安市,男,公司职员,1981
972,kh0972,滑杰,上海市,男,自由职业,1980
973,kh0973,滑帅,武汉市,男,教师,1994
974,kh0974,滑强,成都市,男,个体户,1988
975,kh0975,滑雨欣,北京市,女,自由职业,1980
976,kh0976,裴浩宇,上海市,男,公司职员,1996
977,kh0977,裴宇轩,南京市,男,公司职员,1991
978,kh0978,裴勇,西安市,男,自由职业,1993
979,kh0979,裴子涵,上海市,女,教师,1985
980,kh0980,裴丽,武汉市,女,公司职员,1989
981,kh0981,陆浩轩,西安市,男,公司职员,1981
982,kh0982,陆涛,北京市,男,个体户,1991
983,kh0983,陆浩,南京市,男,个体户,1992
984,kh0984,陆悦,上海市,女,公司职员,1989
985,kh0985,陆颖,北京市,女,公司职员,1989
986,kh0986,荣子轩,西安市,男,教师,1997
987,kh0987,荣皓轩,南京市,男,教师,1984
988,kh0988,荣宇,南京市,男,个体户,1985
989,kh0989,荣梓涵,上海市,女,自由职业,1994
990,kh0990,荣丹,北京市,女,教师,1998
991,kh0991,翁洋,南京市,男,自由职业,1987
992,kh0992,翁皓轩,深圳市,男,公司职员,1993
993,kh0993,翁梓涵,北京市,女,个体户,1984
994,kh0994,翁雨欣,成都市,女,个体户,1993
995,kh0995,翁娟,广州市,女,个体户,1997
996,kh0996,荀宇轩,武汉市,男,教师,1995
997,kh0997,荀俊杰,南京市,男,教师,1994
998,kh0998,荀子涵,杭州市,男,教师,1996
999,kh0999,荀涛,北京市,男,公司职员,1988
1000,kh1000,荀强,北京市,男,个体户,1988
1001,kh1001,惠浩宇,南京市,男,公司职员,1993
1002,kh1002,惠宇轩,成都市,男,公司职员,1981
1003,kh1003,惠军,上海市,男,公司职员,1987
1004,kh1004,惠诗涵,上海市,女,个体户,2000
1005,kh1005,惠娟,广州市,女,个体户,1992
1006,kh1006,甄子轩,广州市,男,教师,1998
1007,kh1007,甄子豪,上海市,男,公司职员,1984
1008,kh1008,甄磊,南京市,男,个体户,1994
1009,kh1009,甄梓涵,杭州市,女,自由职业,1990
1010,kh1010,甄紫涵,成都市,女,公司职员,1983
1011,kh1011,家阳,深圳市,男,公司职员,2000
1012,kh1012,家皓轩,上海市,男,公司职员,1990
1013,kh1013,家帅,北京市,男,公司职员,1983
1014,kh1014,家倩,武汉市,女,自由职业,1986
1015,kh1015,家娟,武汉市,女,自由职业,1990
1016,kh1016,封浩然,杭州市,男,自由职业,1995
1017,kh1017,封浩轩,北京市,男,自由职业,1993
1018,kh1018,封涛,杭州市,男,公司职员,1989
1019,kh1019,封雨欣,西安市,女,公司职员,1983
1020,kh1020,封艳,北京市,女,自由职业,1996
1021,kh1021,芮浩轩,西安市,男,公司职员,1986
1022,kh1022,芮诗涵,西安市,女,自由职业,1992
1023,kh1023,芮梓宣,南京市,女,自由职业,2000
1024,kh1024,芮颖,南京市,女,个体户,1982
1025,kh1025,芮丹,杭州市,女,个体户,1981
1026,kh1026,羿杰,南京市,男,个体户,1998
1027,kh1027,羿鑫,西安市,男,个体户,1998
1028,kh1028,羿波,深圳市,男,自由职业,1980
1029,kh1029,羿静,上海市,女,自由职业,1993
1030,kh1030,羿倩,杭州市,女,自由职业,1997
1031,kh1031,储鑫,深圳市,男,公司职员,1982
1032,kh1032,储磊,深圳市,男,公司职员,1983
1033,kh1033,储伟,上海市,男,个体户,1988
1034,kh1034,储悦,广州市,女,教师,1982
1035,kh1035,储丽,武汉市,女,个体户,1986
1036,kh1036,靳子轩,广州市,男,教师,1983
1037,kh1037,靳皓轩,广州市,男,公司职员,1993
1038,kh1038,靳磊,深圳市,男,公司职员,1980
1039,kh1039,靳子涵,深圳市,女,自由职业,1986
1040,kh1040,靳雪,武汉市,女,自由职业,1980
1041,kh1041,汲浩然,广州市,男,自由职业,1998
1042,kh1042,汲宇轩,南京市,男,个体户,1980
1043,kh1043,汲皓轩,上海市,男,自由职业,1980
1044,kh1044,汲欣怡,西安市,女,个体户,1998
1045,kh1045,汲雪,南京市,女,个体户,1990
1046,kh1046,邴宇轩,武汉市,男,教师,1995
1047,kh1047,邴俊杰,南京市,男,教师,1980
1048,kh1048,邴杰,北京市,男,公司职员,1992
1049,kh1049,邴超,广州市,男,个体户,1987
1050,kh1050,邴颖,深圳市,女,自由职业,1985
1051,kh1051,糜子轩,深圳市,男,个体户,1984
1052,kh1052,糜鹏,西安市,男,个体户,1982
1053,kh1053,糜军,广州市,男,个体户,1999
1054,kh1054,糜婷婷,北京市,女,教师,1980
1055,kh1055,糜雪,南京市,女,教师,1984
1056,kh1056,松浩然,南京市,男,教师,2000
1057,kh1057,松子涵,上海市,男,教师,1988
1058,kh1058,松静,杭州市,女,公司职员,1983
1059,kh1059,松雪,上海市,女,个体户,1989
1060,kh1060,松颖,南京市,女,公司职员,2000
1061,kh1061,井浩轩,成都市,男,公司职员,1990
1062,kh1062,井梓涵,深圳市,女,教师,1981
1063,kh1063,井婷婷,上海市,女,自由职业,1980
1064,kh1064,井雪,杭州市,女,公司职员,2000
1065,kh1065,井丹,成都市,女,教师,1987
1066,kh1066,段皓轩,上海市,男,个体户,1992
1067,kh1067,段浩轩,武汉市,男,自由职业,1988
1068,kh1068,段紫涵,杭州市,女,公司职员,1986
1069,kh1069,段静,广州市,女,公司职员,1984
1070,kh1070,段颖,成都市,女,自由职业,1997
1071,kh1071,富鑫,成都市,男,公司职员,1984
1072,kh1072,富佳怡,南京市,女,自由职业,1981
1073,kh1073,富雨涵,杭州市,女,公司职员,1991
1074,kh1074,富婷婷,上海市,女,个体户,1987
1075,kh1075,富敏,上海市,女,公司职员,1987
1076,kh1076,巫洋,成都市,男,公司职员,1993
1077,kh1077,巫浩然,成都市,男,公司职员,1999
1078,kh1078,巫勇,杭州市,男,个体户,1999
1079,kh1079,巫军,深圳市,男,自由职业,1991
1080,kh1080,巫娟,深圳市,女,公司职员,1994
1081,kh1081,乌伟,西安市,男,教师,1984
1082,kh1082,乌子涵,深圳市,女,教师,1991
1083,kh1083,乌雨涵,广州市,女,教师,2000
1084,kh1084,乌雪,上海市,女,个体户,1985
1085,kh1085,乌丹,成都市,女,自由职业,1993
1086,kh1086,焦宇轩,西安市,男,自由职业,1985
1087,kh1087,焦诗涵,南京市,女,公司职员,1980
1088,kh1088,焦丹,武汉市,女,教师,1987
1089,kh1089,焦倩,北京市,女,教师,1989
1090,kh1090,焦娟,南京市,女,自由职业,1985
1091,kh1091,巴皓轩,成都市,男,教师,1995
1092,kh1092,巴子豪,西安市,男,公司职员,1983
1093,kh1093,巴杰,成都市,男,自由职业,1992
1094,kh1094,巴雨欣,杭州市,女,教师,1989
1095,kh1095,巴静,上海市,女,公司职员,1983
1096,kh1096,弓子豪,西安市,男,自由职业,1990
1097,kh1097,弓俊杰,杭州市,男,个体户,1989
1098,kh1098,弓杰,广州市,男,个体户,1982
1099,kh1099,弓佳怡,杭州市,女,公司职员,1998
1100,kh1100,弓娟,西安市,女,自由职业,1996
1101,kh1101,牧子豪,广州市,男,教师,1981
1102,kh1102,牧军,武汉市,男,自由职业,1986
1103,kh1103,牧雨欣,武汉市,女,教师,1985
1104,kh1104,牧丽,深圳市,女,教师,1992
1105,kh1105,牧倩,杭州市,女,公司职员,1991
1106,kh1106,隗伟,北京市,男,个体户,2000
1107,kh1107,隗婷,西安市,女,个体户,1980
1108,kh1108,隗静,南京市,女,教师,1998
1109,kh1109,隗敏,广州市,女,公司职员,1998
1110,kh1110,隗倩,深圳市,女,自由职业,1995
1111,kh1111,山浩,南京市,男,公司职员,1998
1112,kh1112,山帅,杭州市,男,公司职员,1993
1113,kh1113,山静,成都市,女,公司职员,1995
1114,kh1114,山悦,上海市,女,自由职业,1983
1115,kh1115,山敏,杭州市,女,教师,1996
1116,kh1116,谷宇轩,深圳市,男,教师,1980
1117,kh1117,谷军,武汉市,男,个体户,1993
1118,kh1118,谷欣怡,深圳市,女,自由职业,2000
1119,kh1119,谷雨欣,武汉市,女,自由职业,1990
1120,kh1120,谷婷,广州市,女,教师,1985
1121,kh1121,车涛,上海市,男,教师,1989
1122,kh1122,车磊,武汉市,男,个体户,1980
1123,kh1123,车军,广州市,男,公司职员,1998
1124,kh1124,车波,西安市,男,公司职员,1998
1125,kh1125,车倩,南京市,女,自由职业,1984
1126,kh1126,侯洋,上海市,男,公司职员,1991
1127,kh1127,侯宇航,深圳市,男,自由职业,1995
1128,kh1128,侯子豪,深圳市,男,自由职业,1981
1129,kh1129,侯宇,北京市,男,自由职业,1980
1130,kh1130,侯婷,广州市,女,公司职员,1994
1131,kh1131,蓬浩宇,成都市,男,个体户,1988
1132,kh1132,蓬宇航,上海市,男,教师,1995
1133,kh1133,蓬紫涵,成都市,女,自由职业,1986
1134,kh1134,蓬敏,杭州市,女,个体户,1989
1135,kh1135,蓬娟,杭州市,女,教师,1990
1136,kh1136,全阳,深圳市,男,个体户,1998
1137,kh1137,全浩宇,上海市,男,自由职业,1994
1138,kh1138,全宇航,深圳市,男,个体户,1998
1139,kh1139,全涛,西安市,男,公司职员,2000
1140,kh1140,全娟,广州市,女,公司职员,1994
1141,kh1141,班磊,成都市,男,公司职员,1995
1142,kh1142,班诗涵,北京市,女,公司职员,1994
1143,kh1143,班佳怡,西安市,女,个体户,1983
1144,kh1144,班雨涵,北京市,女,教师,1992
1145,kh1145,班丹,广州市,女,教师,1993
1146,kh1146,仰浩然,武汉市,男,教师,1999
1147,kh1147,仰涛,广州市,男,公司职员,1989
1148,kh1148,仰勇,杭州市,男,个体户,1980
1149,kh1149,仰紫涵,杭州市,女,公司职员,1981
1150,kh1150,仰娟,武汉市,女,教师,1989
1151,kh1151,秋阳,深圳市,男,个体户,1997
1152,kh1152,秋皓轩,武汉市,男,自由职业,1989
1153,kh1153,秋俊杰,上海市,男,自由职业,1997
1154,kh1154,秋杰,成都市,男,教师,1984
1155,kh1155,秋勇,北京市,男,个体户,1985
1156,kh1156,仲阳,武汉市,男,自由职业,1982
1157,kh1157,仲浩然,武汉市,男,自由职业,1989
1158,kh1158,仲俊杰,上海市,男,自由职业,1982
1159,kh1159,仲鑫,西安市,男,教师,1986
1160,kh1160,仲军,武汉市,男,自由职业,1998
1161,kh1161,伊皓轩,北京市,男,公司职员,1980
1162,kh1162,伊杰,深圳市,男,教师,1983
1163,kh1163,伊鹏,广州市,男,公司职员,1988
1164,kh1164,伊波,深圳市,男,自由职业,1987
1165,kh1165,伊婷,深圳市,女,公司职员,1992
1166,kh1166,宁洋,上海市,男,公司职员,1999
1167,kh1167,宁宇航,上海市,男,自由职业,1988
1168,kh1168,宁鹏,深圳市,男,自由职业,2000
1169,kh1169,宁佳怡,西安市,女,教师,1980
1170,kh1170,宁娟,上海市,女,教师,1993
1171,kh1171,仇浩宇,西安市,男,个体户,1997
1172,kh1172,仇浩然,成都市,男,个体户,1988
1173,kh1173,仇帅,广州市,男,自由职业,1992
1174,kh1174,仇梓宣,上海市,女,自由职业,1993
1175,kh1175,仇雪,南京市,女,教师,2000
1176,kh1176,栾浩然,武汉市,男,自由职业,1991
1177,kh1177,栾浩,西安市,男,个体户,1984
1178,kh1178,栾波,深圳市,男,个体户,1993
1179,kh1179,栾佳怡,西安市,女,公司职员,2000
1180,kh1180,栾雨欣,北京市,女,自由职业,1994
1181,kh1181,暴磊,杭州市,男,教师,1992
1182,kh1182,暴帅,武汉市,男,个体户,1983
1183,kh1183,暴宇,成都市,男,个体户,1986
1184,kh1184,暴悦,广州市,女,个体户,1992
1185,kh1185,暴倩,武汉市,女,教师,1981
1186,kh1186,甘浩宇,北京市,男,自由职业,1993
1187,kh1187,甘超,杭州市,男,个体户,1996
1188,kh1188,甘诗涵,广州市,女,自由职业,1984
1189,kh1189,甘佳怡,南京市,女,教师,1984
1190,kh1190,甘悦,成都市,女,自由职业,2000
1191,kh1191,宇航,上海市,男,个体户,1980
1192,kh1192,欣怡,武汉市,女,教师,1996
1193,kh1193,雨欣,成都市,女,个体户,1993
1194,kh1194,雪,西安市,女,公司职员,1988
1195,kh1195,倩,北京市,女,个体户,1988
1196,kh1196,祖涛,深圳市,男,个体户,1982
1197,kh1197,祖勇,广州市,男,自由职业,1996
1198,kh1198,祖敏,北京市,女,教师,1989
1199,kh1199,祖雪,南京市,女,公司职员,1993
1200,kh1200,祖艳,上海市,女,个体户,1990
1201,kh1201,武浩宇,南京市,男,个体户,1986
1202,kh1202,武帅,西安市,男,公司职员,1990
1203,kh1203,武波,深圳市,男,自由职业,1997
1204,kh1204,武欣怡,杭州市,女,个体户,1981
1205,kh1205,武颖,广州市,女,公司职员,1993
1206,kh1206,符勇,南京市,男,个体户,1999
1207,kh1207,符诗涵,杭州市,女,自由职业,1986
1208,kh1208,符敏,西安市,女,个体户,1993
1209,kh1209,符雪,上海市,女,公司职员,1997
1210,kh1210,符颖,上海市,女,教师,1999
1211,kh1211,刘阳,西安市,男,自由职业,1993
1212,kh1212,刘子豪,上海市,男,教师,1998
1213,kh1213,刘宇,北京市,男,自由职业,1988
1214,kh1214,刘勇,武汉市,男,自由职业,1999
1215,kh1215,刘敏,成都市,女,自由职业,1996
1216,kh1216,景子豪,西安市,男,自由职业,1995
1217,kh1217,景浩轩,成都市,男,自由职业,1999
1218,kh1218,景超,西安市,男,公司职员,1990
1219,kh1219,景诗涵,西安市,女,教师,1984
1220,kh1220,景紫涵,武汉市,女,自由职业,1998
1221,kh1221,詹子轩,成都市,男,教师,1980
1222,kh1222,詹磊,南京市,男,个体户,1991
1223,kh1223,詹佳怡,深圳市,女,公司职员,1981
1224,kh1224,詹雨涵,武汉市,女,自由职业,1985
1225,kh1225,詹婷婷,北京市,女,公司职员,1989
1226,kh1226,束皓轩,成都市,男,教师,1988
1227,kh1227,束浩轩,广州市,男,个体户,1999
1228,kh1228,束浩,武汉市,男,个体户,1994
1229,kh1229,束鑫,广州市,男,自由职业,1987
1230,kh1230,束梓涵,北京市,女,个体户,1994
1231,kh1231,龙鑫,西安市,男,公司职员,1987
1232,kh1232,龙雨欣,杭州市,女,自由职业,1994
1233,kh1233,龙悦,南京市,女,个体户,1993
1234,kh1234,龙敏,北京市,女,自由职业,1985
1235,kh1235,龙颖,深圳市,女,个体户,1994
1236,kh1236,叶杰,成都市,男,公司职员,1984
1237,kh1237,叶波,南京市,男,公司职员,2000
1238,kh1238,叶婷婷,深圳市,女,个体户,1998
1239,kh1239,叶雪,北京市,女,个体户,1988
1240,kh1240,叶艳,深圳市,女,自由职业,2000
1241,kh1241,幸宇,武汉市,男,自由职业,1996
1242,kh1242,幸伟,北京市,男,个体户,1982
1243,kh1243,幸勇,北京市,男,公司职员,1983
1244,kh1244,幸佳怡,杭州市,女,自由职业,1992
1245,kh1245,幸雨涵,南京市,女,教师,1986
1246,kh1246,司浩宇,杭州市,男,教师,1982
1247,kh1247,司子豪,上海市,男,自由职业,1998
1248,kh1248,司伟,深圳市,男,公司职员,1986
1249,kh1249,司梓宣,南京市,女,公司职员,1990
1250,kh1250,司雨欣,西安市,女,个体户,1999
1251,kh1251,韶宇轩,武汉市,男,个体户,1999
1252,kh1252,韶宇航,上海市,男,教师,1997
1253,kh1253,韶涛,武汉市,男,个体户,1982
1254,kh1254,韶波,杭州市,男,公司职员,1983
1255,kh1255,韶欣怡,上海市,女,公司职员,1990
1256,kh1256,郜子豪,上海市,男,个体户,1992
1257,kh1257,郜子涵,北京市,男,公司职员,1984
1258,kh1258,郜勇,西安市,男,教师,1996
1259,kh1259,郜军,北京市,男,教师,1986
1260,kh1260,郜紫涵,北京市,女,教师,1988
1261,kh1261,黎阳,武汉市,男,教师,1991
1262,kh1262,黎强,深圳市,男,公司职员,2000
1263,kh1263,黎欣怡,广州市,女,自由职业,1994
1264,kh1264,黎倩,成都市,女,自由职业,1998
1265,kh1265,黎艳,杭州市,女,教师,1982
1266,kh1266,薄子豪,成都市,男,教师,1993
1267,kh1267,薄子涵,深圳市,男,自由职业,1999
1268,kh1268,薄浩,广州市,男,个体户,1999
1269,kh1269,薄杰,成都市,男,教师,1993
1270,kh1270,薄婷婷,广州市,女,自由职业,1983
1271,kh1271,印宇轩,上海市,男,自由职业,1988
1272,kh1272,印杰,北京市,男,自由职业,1988
1273,kh1273,印勇,北京市,男,公司职员,1994
1274,kh1274,印子涵,西安市,女,自由职业,1996
1275,kh1275,印悦,上海市,女,公司职员,1987
1276,kh1276,宿子豪,上海市,男,自由职业,1984
1277,kh1277,宿浩轩,杭州市,男,自由职业,1982
1278,kh1278,宿杰,南京市,男,个体户,1991
1279,kh1279,宿鹏,杭州市,男,个体户,2000
1280,kh1280,宿强,成都市,男,教师,1986
1281,kh1281,白鑫,北京市,男,个体户,1981
1282,kh1282,白波,深圳市,男,自由职业,1996
1283,kh1283,白欣怡,成都市,女,自由职业,1995
1284,kh1284,白颖,北京市,女,自由职业,1989
1285,kh1285,白丽,西安市,女,个体户,1992
